filename	filetype	sample_ID	library_ID	library_strategy	library_source	library_selection	library_layout	platform	instrument_model	design_description	md5sum	file_size	data_type	shear_method	size_selection	ccs_algorithm	polymerase_version	seq_plate_chemistry_version	generator_facility	generator_contact	notes
m64043_200710_174426.ccs.bam	bam	HG00438	HG00438_lib1	WGS	GENOMIC	size fractionation	single	PACBIO_SMRT	PacBio Sequel II	HiFi sequencing of 20kb fractionated gDNA	7376b54c0330b805b569d93577665351	33808859951	unaligned reads	Megaruptor 1	SageELF	8.0.0.80529			Washington University	tgraves@wustl.edu	
m64043_200711_235708.ccs.bam	bam	HG00438	HG00438_lib1	WGS	GENOMIC	size fractionation	single	PACBIO_SMRT	PacBio Sequel II	HiFi sequencing of 20kb fractionated gDNA	01e8c1ae00c48090b74549bb1687b29f	26021084368	unaligned reads	Megaruptor 1	SageELF	8.0.0.80529			Washington University	tgraves@wustl.edu	
m64043_200713_062240.ccs.bam	bam	HG00438	HG00438_lib1	WGS	GENOMIC	size fractionation	single	PACBIO_SMRT	PacBio Sequel II	HiFi sequencing of 20kb fractionated gDNA	a922f8f079575bdc4129dd32b86cde9b	31261526924	unaligned reads	Megaruptor 1	SageELF	8.0.0.80529			Washington University	tgraves@wustl.edu	
m64043_200714_124814.ccs.bam	bam	HG00438	HG00438_lib1	WGS	GENOMIC	size fractionation	single	PACBIO_SMRT	PacBio Sequel II	HiFi sequencing of 20kb fractionated gDNA	9859179e21abad66973b624851bddebe	32708854291	unaligned reads	Megaruptor 1	SageELF	8.0.0.80529			Washington University	tgraves@wustl.edu	
m64136_200710_174522.ccs.bam	bam	HG00621	HG00621_lib1	WGS	GENOMIC	size fractionation	single	PACBIO_SMRT	PacBio Sequel II	HiFi sequencing of 20kb fractionated gDNA	e4b6fd01b9772d0c975181760baf785b	30584745235	unaligned reads	Megaruptor 1	SageELF	8.0.0.80529			Washington University	tgraves@wustl.edu	
m64136_200711_235843.ccs.bam	bam	HG00621	HG00621_lib1	WGS	GENOMIC	size fractionation	single	PACBIO_SMRT	PacBio Sequel II	HiFi sequencing of 20kb fractionated gDNA	729e565bb0cba7b74690bf226c332948	28518095950	unaligned reads	Megaruptor 1	SageELF	8.0.0.80529			Washington University	tgraves@wustl.edu	
m64136_200713_062514.ccs.bam	bam	HG00621	HG00621_lib1	WGS	GENOMIC	size fractionation	single	PACBIO_SMRT	PacBio Sequel II	HiFi sequencing of 20kb fractionated gDNA	87c737911f681a014f66e2857f441d60	28035353750	unaligned reads	Megaruptor 1	SageELF	8.0.0.80529			Washington University	tgraves@wustl.edu	
m64136_200714_125149.ccs.bam	bam	HG00621	HG00621_lib1	WGS	GENOMIC	size fractionation	single	PACBIO_SMRT	PacBio Sequel II	HiFi sequencing of 20kb fractionated gDNA	05b3d2a9b6bf89490cef446d0a9f74e9	29382415756	unaligned reads	Megaruptor 1	SageELF	8.0.0.80529			Washington University	tgraves@wustl.edu	
m64043_200716_182902.ccs.bam	bam	HG00673	HG00673_lib1	WGS	GENOMIC	size fractionation	single	PACBIO_SMRT	PacBio Sequel II	HiFi sequencing of 20kb fractionated gDNA	4fe85ac5843c29210b2310722fc656d7	27154024803	unaligned reads	Megaruptor 1	SageELF	8.0.0.80529			Washington University	tgraves@wustl.edu	
m64043_200718_004213.ccs.bam	bam	HG00673	HG00673_lib1	WGS	GENOMIC	size fractionation	single	PACBIO_SMRT	PacBio Sequel II	HiFi sequencing of 20kb fractionated gDNA	ad19b25d5d7207dee1b65150484670bb	30568616409	unaligned reads	Megaruptor 1	SageELF	8.0.0.80529			Washington University	tgraves@wustl.edu	
m64043_200719_070806.ccs.bam	bam	HG00673	HG00673_lib1	WGS	GENOMIC	size fractionation	single	PACBIO_SMRT	PacBio Sequel II	HiFi sequencing of 20kb fractionated gDNA	3e61ef221d348e29ced4dc3d486d15a7	30938719673	unaligned reads	Megaruptor 1	SageELF	8.0.0.80529			Washington University	tgraves@wustl.edu	
m64043_200720_133355.ccs.bam	bam	HG00673	HG00673_lib1	WGS	GENOMIC	size fractionation	single	PACBIO_SMRT	PacBio Sequel II	HiFi sequencing of 20kb fractionated gDNA	4cf98ec5f708dce08a3f3bce9685925d	28539011394	unaligned reads	Megaruptor 1	SageELF	8.0.0.80529			Washington University	tgraves@wustl.edu	
m64043_200702_173033.ccs.bam	bam	HG00735	HG00735_lib1	WGS	GENOMIC	size fractionation	single	PACBIO_SMRT	PacBio Sequel II	HiFi sequencing of 20kb fractionated gDNA	c2bbd8e0421d6e567b4bf28517fd34e8	34939790386	unaligned reads	Megaruptor 1	SageELF	8.0.0.80529			Washington University	tgraves@wustl.edu	
m64043_200703_234328.ccs.bam	bam	HG00735	HG00735_lib1	WGS	GENOMIC	size fractionation	single	PACBIO_SMRT	PacBio Sequel II	HiFi sequencing of 20kb fractionated gDNA	cb2e864d561ded2c86efc49da06efd40	32615288865	unaligned reads	Megaruptor 1	SageELF	8.0.0.80529			Washington University	tgraves@wustl.edu	
m64043_200705_060840.ccs.bam	bam	HG00735	HG00735_lib1	WGS	GENOMIC	size fractionation	single	PACBIO_SMRT	PacBio Sequel II	HiFi sequencing of 20kb fractionated gDNA	3ba073979f50bd5db0cdcd913df9992b	33404384773	unaligned reads	Megaruptor 1	SageELF	8.0.0.80529			Washington University	tgraves@wustl.edu	
m64043_200706_123423.ccs.bam	bam	HG00735	HG00735_lib1	WGS	GENOMIC	size fractionation	single	PACBIO_SMRT	PacBio Sequel II	HiFi sequencing of 20kb fractionated gDNA	d33b76287143dfb512ddca30c0e94e54	27811369563	unaligned reads	Megaruptor 1	SageELF	8.0.0.80529			Washington University	tgraves@wustl.edu	
m64136_200625_174949.ccs.bam	bam	HG00741	HG00741_lib1	WGS	GENOMIC	size fractionation	single	PACBIO_SMRT	PacBio Sequel II	HiFi sequencing of 20kb fractionated gDNA	87396d8b9e25b63ba28c379af7d6cc4a	30711496139	unaligned reads	Megaruptor 1	SageELF	8.0.0.80529			Washington University	tgraves@wustl.edu	
m64136_200627_000247.ccs.bam	bam	HG00741	HG00741_lib1	WGS	GENOMIC	size fractionation	single	PACBIO_SMRT	PacBio Sequel II	HiFi sequencing of 20kb fractionated gDNA	6b91e552e7805adc5ce00c6af9d365d8	27376688955	unaligned reads	Megaruptor 1	SageELF	8.0.0.80529			Washington University	tgraves@wustl.edu	
m64136_200628_062837.ccs.bam	bam	HG00741	HG00741_lib1	WGS	GENOMIC	size fractionation	single	PACBIO_SMRT	PacBio Sequel II	HiFi sequencing of 20kb fractionated gDNA	7a28ae9b356687dc08f5bac5dba339d7	30830320326	unaligned reads	Megaruptor 1	SageELF	8.0.0.80529			Washington University	tgraves@wustl.edu	
m64136_200629_125431.ccs.bam	bam	HG00741	HG00741_lib1	WGS	GENOMIC	size fractionation	single	PACBIO_SMRT	PacBio Sequel II	HiFi sequencing of 20kb fractionated gDNA	18e6767590be1c2e481c07bb18bd67c9	29333583218	unaligned reads	Megaruptor 1	SageELF	8.0.0.80529			Washington University	tgraves@wustl.edu	
m64136_200702_173125.ccs.bam	bam	HG01071	HG01071_lib1	WGS	GENOMIC	size fractionation	single	PACBIO_SMRT	PacBio Sequel II	HiFi sequencing of 20kb fractionated gDNA	eabba4e63ae0034be99c74e9207aa17c	29532500803	unaligned reads	Megaruptor 1	SageELF	8.0.0.80529			Washington University	tgraves@wustl.edu	
m64136_200703_234438.ccs.bam	bam	HG01071	HG01071_lib1	WGS	GENOMIC	size fractionation	single	PACBIO_SMRT	PacBio Sequel II	HiFi sequencing of 20kb fractionated gDNA	ff7a9cf63a1af4d3c2134933e2582d02	25488698859	unaligned reads	Megaruptor 1	SageELF	8.0.0.80529			Washington University	tgraves@wustl.edu	
m64136_200705_061033.ccs.bam	bam	HG01071	HG01071_lib1	WGS	GENOMIC	size fractionation	single	PACBIO_SMRT	PacBio Sequel II	HiFi sequencing of 20kb fractionated gDNA	83c33cb0ab3ed1322c1baa0ead470a78	27284156906	unaligned reads	Megaruptor 1	SageELF	8.0.0.80529			Washington University	tgraves@wustl.edu	
m64136_200706_123635.ccs.bam	bam	HG01071	HG01071_lib1	WGS	GENOMIC	size fractionation	single	PACBIO_SMRT	PacBio Sequel II	HiFi sequencing of 20kb fractionated gDNA	a259b5d381c169de093a4bee8f426185	27608482695	unaligned reads	Megaruptor 1	SageELF	8.0.0.80529			Washington University	tgraves@wustl.edu	
m64043_200625_174853.ccs.bam	bam	HG01106	HG01106_lib1	WGS	GENOMIC	size fractionation	single	PACBIO_SMRT	PacBio Sequel II	HiFi sequencing of 20kb fractionated gDNA	b5419b4ac95d8b8f22903dc37f4f2ffe	36655231332	unaligned reads	Megaruptor 1	SageELF	8.0.0.80529			Washington University	tgraves@wustl.edu	
m64043_200627_000137.ccs.bam	bam	HG01106	HG01106_lib1	WGS	GENOMIC	size fractionation	single	PACBIO_SMRT	PacBio Sequel II	HiFi sequencing of 20kb fractionated gDNA	dba24150699d79f0a89663e2d60371d2	32272357637	unaligned reads	Megaruptor 1	SageELF	8.0.0.80529			Washington University	tgraves@wustl.edu	
m64043_200628_062711.ccs.bam	bam	HG01106	HG01106_lib1	WGS	GENOMIC	size fractionation	single	PACBIO_SMRT	PacBio Sequel II	HiFi sequencing of 20kb fractionated gDNA	5331456ec1b3c0c4f4f919fd1f708e1d	34585079047	unaligned reads	Megaruptor 1	SageELF	8.0.0.80529			Washington University	tgraves@wustl.edu	
m64043_200629_125238.ccs.bam	bam	HG01106	HG01106_lib1	WGS	GENOMIC	size fractionation	single	PACBIO_SMRT	PacBio Sequel II	HiFi sequencing of 20kb fractionated gDNA	f473183208a8ae93e38a8941a6f305f2	35642836618	unaligned reads	Megaruptor 1	SageELF	8.0.0.80529			Washington University	tgraves@wustl.edu	
m64043_200618_201934.ccs.bam	bam	HG01175	HG01175_lib1	WGS	GENOMIC	size fractionation	single	PACBIO_SMRT	PacBio Sequel II	HiFi sequencing of 20kb fractionated gDNA	1ba77283d9514e6e051b4af64e300f9f	26752554544	unaligned reads	Megaruptor 1	SageELF	8.0.0.80529			Washington University	tgraves@wustl.edu	
m64043_200620_173220.ccs.bam	bam	HG01175	HG01175_lib1	WGS	GENOMIC	size fractionation	single	PACBIO_SMRT	PacBio Sequel II	HiFi sequencing of 20kb fractionated gDNA	1e7ce24dde100f6948872488e8c471bb	31764916516	unaligned reads	Megaruptor 1	SageELF	8.0.0.80529			Washington University	tgraves@wustl.edu	
m64043_200621_234442.ccs.bam	bam	HG01175	HG01175_lib1	WGS	GENOMIC	size fractionation	single	PACBIO_SMRT	PacBio Sequel II	HiFi sequencing of 20kb fractionated gDNA	479bfafbb05b42855276305bebf7578c	24621957679	unaligned reads	Megaruptor 1	SageELF	8.0.0.80529			Washington University	tgraves@wustl.edu	
m64043_200623_060946.ccs.bam	bam	HG01175	HG01175_lib1	WGS	GENOMIC	size fractionation	single	PACBIO_SMRT	PacBio Sequel II	HiFi sequencing of 20kb fractionated gDNA	21ab4ed310dd84b2f14a95d88c23246f	25564972878	unaligned reads	Megaruptor 1	SageELF	8.0.0.80529			Washington University	tgraves@wustl.edu	
m64043_200612_200936.ccs.bam	bam	HG01928	HG01928_lib1	WGS	GENOMIC	size fractionation	single	PACBIO_SMRT	PacBio Sequel II	HiFi sequencing of 20kb fractionated gDNA	b500672d178b6ef9d9ff2d9f6d7397b6	26854793443	unaligned reads	Megaruptor 1	SageELF	8.0.0.80529			Washington University	tgraves@wustl.edu	
m64043_200614_191756.ccs.bam	bam	HG01928	HG01928_lib1	WGS	GENOMIC	size fractionation	single	PACBIO_SMRT	PacBio Sequel II	HiFi sequencing of 20kb fractionated gDNA	58737cc6c61998ee277921ea747ee10d	26704287666	unaligned reads	Megaruptor 1	SageELF	8.0.0.80529			Washington University	tgraves@wustl.edu	
m64043_200616_013031.ccs.bam	bam	HG01928	HG01928_lib1	WGS	GENOMIC	size fractionation	single	PACBIO_SMRT	PacBio Sequel II	HiFi sequencing of 20kb fractionated gDNA	a43149828815da5cb4dfaa13e5c732dc	24380956676	unaligned reads	Megaruptor 1	SageELF	8.0.0.80529			Washington University	tgraves@wustl.edu	
m64043_200617_075530.ccs.bam	bam	HG01928	HG01928_lib1	WGS	GENOMIC	size fractionation	single	PACBIO_SMRT	PacBio Sequel II	HiFi sequencing of 20kb fractionated gDNA	238f38e4b7d0ccc601e8633ac7dae292	26384590479	unaligned reads	Megaruptor 1	SageELF	8.0.0.80529			Washington University	tgraves@wustl.edu	
m64136_200612_201033.ccs.bam	bam	HG01952	HG01952_lib1	WGS	GENOMIC	size fractionation	single	PACBIO_SMRT	PacBio Sequel II	HiFi sequencing of 20kb fractionated gDNA	48fbe5db7791d30859f6085a4194cef0	30160197798	unaligned reads	Megaruptor 1	SageELF	8.0.0.80529			Washington University	tgraves@wustl.edu	
m64136_200614_192134.ccs.bam	bam	HG01952	HG01952_lib1	WGS	GENOMIC	size fractionation	single	PACBIO_SMRT	PacBio Sequel II	HiFi sequencing of 20kb fractionated gDNA	5ea9c084f0c542e576a9efd4c63e3a0f	30746475647	unaligned reads	Megaruptor 1	SageELF	8.0.0.80529			Washington University	tgraves@wustl.edu	
m64136_200616_013426.ccs.bam	bam	HG01952	HG01952_lib1	WGS	GENOMIC	size fractionation	single	PACBIO_SMRT	PacBio Sequel II	HiFi sequencing of 20kb fractionated gDNA	2f6d17f7485eefd51c206a9ee64e9dd4	30438229695	unaligned reads	Megaruptor 1	SageELF	8.0.0.80529			Washington University	tgraves@wustl.edu	
m64136_200617_080019.ccs.bam	bam	HG01952	HG01952_lib1	WGS	GENOMIC	size fractionation	single	PACBIO_SMRT	PacBio Sequel II	HiFi sequencing of 20kb fractionated gDNA	360afcf87dba5c6037e063333f2c3e3c	28833055511	unaligned reads	Megaruptor 1	SageELF	8.0.0.80529			Washington University	tgraves@wustl.edu	
m64136_200530_164818.ccs.bam	bam	HG01978	HG01978_lib1	WGS	GENOMIC	size fractionation	single	PACBIO_SMRT	PacBio Sequel II	HiFi sequencing of 20kb fractionated gDNA	bded66699b3e9ac76b1f00376774b923	28290695874	unaligned reads	Megaruptor 1	SageELF	8.0.0.80529			Washington University	tgraves@wustl.edu	
m64136_200602_153012.ccs.bam	bam	HG01978	HG01978_lib1	WGS	GENOMIC	size fractionation	single	PACBIO_SMRT	PacBio Sequel II	HiFi sequencing of 20kb fractionated gDNA	56f8322e26f1de3d121cee0d2102dae5	28984959001	unaligned reads	Megaruptor 1	SageELF	8.0.0.80529			Washington University	tgraves@wustl.edu	
m64136_200603_214308.ccs.bam	bam	HG01978	HG01978_lib1	WGS	GENOMIC	size fractionation	single	PACBIO_SMRT	PacBio Sequel II	HiFi sequencing of 20kb fractionated gDNA	7f2eac607faa86422193e8e2fd60108d	31447398243	unaligned reads	Megaruptor 1	SageELF	8.0.0.80529			Washington University	tgraves@wustl.edu	
m64136_200605_040848.ccs.bam	bam	HG01978	HG01978_lib1	WGS	GENOMIC	size fractionation	single	PACBIO_SMRT	PacBio Sequel II	HiFi sequencing of 20kb fractionated gDNA	d0f935bf5914ea0fe221261f83f6574a	30398384221	unaligned reads	Megaruptor 1	SageELF	8.0.0.80529			Washington University	tgraves@wustl.edu	
m64136_200618_202033.ccs.bam	bam	HG02148	HG02148_lib1	WGS	GENOMIC	size fractionation	single	PACBIO_SMRT	PacBio Sequel II	HiFi sequencing of 20kb fractionated gDNA	89e30e2493586774a6cf0c9fa5decfe8	34380235233	unaligned reads	Megaruptor 1	SageELF	8.0.0.80529			Washington University	tgraves@wustl.edu	
m64136_200620_173618.ccs.bam	bam	HG02148	HG02148_lib1	WGS	GENOMIC	size fractionation	single	PACBIO_SMRT	PacBio Sequel II	HiFi sequencing of 20kb fractionated gDNA	390631c1ef930613e441dedcb90f4e02	25334586637	unaligned reads	Megaruptor 1	SageELF	8.0.0.80529			Washington University	tgraves@wustl.edu	
m64136_200621_234916.ccs.bam	bam	HG02148	HG02148_lib1	WGS	GENOMIC	size fractionation	single	PACBIO_SMRT	PacBio Sequel II	HiFi sequencing of 20kb fractionated gDNA	34819a3c9031893a16ba207b2d72ac49	22650424365	unaligned reads	Megaruptor 1	SageELF	8.0.0.80529			Washington University	tgraves@wustl.edu	
m64136_200623_061529.ccs.bam	bam	HG02148	HG02148_lib1	WGS	GENOMIC	size fractionation	single	PACBIO_SMRT	PacBio Sequel II	HiFi sequencing of 20kb fractionated gDNA	1895a2c9b7420cc70db2dc1192133635	25865146975	unaligned reads	Megaruptor 1	SageELF	8.0.0.80529			Washington University	tgraves@wustl.edu	
m64043_200530_164723.ccs.bam	bam	HG02622	HG02622_lib1	WGS	GENOMIC	size fractionation	single	PACBIO_SMRT	PacBio Sequel II	HiFi sequencing of 20kb fractionated gDNA	b4318147d17260349972332f9d120ec5	35423220265	unaligned reads	Megaruptor 1	SageELF	8.0.0.80529			Washington University	tgraves@wustl.edu	
m64043_200601_191521.ccs.bam	bam	HG02622	HG02622_lib1	WGS	GENOMIC	size fractionation	single	PACBIO_SMRT	PacBio Sequel II	HiFi sequencing of 20kb fractionated gDNA	6119a88389836dab5aec353e086fce76	34915885098	unaligned reads	Megaruptor 1	SageELF	8.0.0.80529			Washington University	tgraves@wustl.edu	
m64043_200603_012738.ccs.bam	bam	HG02622	HG02622_lib1	WGS	GENOMIC	size fractionation	single	PACBIO_SMRT	PacBio Sequel II	HiFi sequencing of 20kb fractionated gDNA	5ce8e96d90565034076c44f63690b4d4	34479511769	unaligned reads	Megaruptor 1	SageELF	8.0.0.80529			Washington University	tgraves@wustl.edu	
m64043_200604_075218.ccs.bam	bam	HG02622	HG02622_lib1	WGS	GENOMIC	size fractionation	single	PACBIO_SMRT	PacBio Sequel II	HiFi sequencing of 20kb fractionated gDNA	9143a1a59892e048a1993f560aba4bca	33932637534	unaligned reads	Megaruptor 1	SageELF	8.0.0.80529			Washington University	tgraves@wustl.edu	
m64043_200501_162248.ccs.bam	bam	HG02630	HG02630_lib1	WGS	GENOMIC	size fractionation	single	PACBIO_SMRT	PacBio Sequel II	HiFi sequencing of 20kb fractionated gDNA	c7dca21b73ae6e8645a10dc587790335	34542392060	unaligned reads	Megaruptor 1	SageELF	8.0.0.80529			Washington University	tgraves@wustl.edu	
m64043_200502_223511.ccs.bam	bam	HG02630	HG02630_lib1	WGS	GENOMIC	size fractionation	single	PACBIO_SMRT	PacBio Sequel II	HiFi sequencing of 20kb fractionated gDNA	c4ea706eb1c67894531086c480156968	33627260652	unaligned reads	Megaruptor 1	SageELF	8.0.0.80529			Washington University	tgraves@wustl.edu	
m64043_200504_050026.ccs.bam	bam	HG02630	HG02630_lib1	WGS	GENOMIC	size fractionation	single	PACBIO_SMRT	PacBio Sequel II	HiFi sequencing of 20kb fractionated gDNA	2c1b0c7f135c61d80bced2d290272e63	33455920326	unaligned reads	Megaruptor 1	SageELF	8.0.0.80529			Washington University	tgraves@wustl.edu	
m64043_200505_112554.ccs.bam	bam	HG02630	HG02630_lib1	WGS	GENOMIC	size fractionation	single	PACBIO_SMRT	PacBio Sequel II	HiFi sequencing of 20kb fractionated gDNA	a7154865dacd5fa11bc612ee364ffc5d	32767549028	unaligned reads	Megaruptor 1	SageELF	8.0.0.80529			Washington University	tgraves@wustl.edu	
m64043_200403_163826.ccs.bam	bam	HG02717	HG02717_lib1	WGS	GENOMIC	size fractionation	single	PACBIO_SMRT	PacBio Sequel II	HiFi sequencing of 20kb fractionated gDNA	660e485447679988a9c1f75e0010dbfb	31096894404	unaligned reads	Megaruptor 1	SageELF	8.0.0.80529			Washington University	tgraves@wustl.edu	
m64043_200405_180950.ccs.bam	bam	HG02717	HG02717_lib1	WGS	GENOMIC	size fractionation	single	PACBIO_SMRT	PacBio Sequel II	HiFi sequencing of 20kb fractionated gDNA	4f9393b0dd0489d96730f508b5e63141	30503756948	unaligned reads	Megaruptor 1	SageELF	8.0.0.80529			Washington University	tgraves@wustl.edu	
m64043_200407_002219.ccs.bam	bam	HG02717	HG02717_lib1	WGS	GENOMIC	size fractionation	single	PACBIO_SMRT	PacBio Sequel II	HiFi sequencing of 20kb fractionated gDNA	78dc8856c8c434ac556b0e80ccc20add	30679083361	unaligned reads	Megaruptor 1	SageELF	8.0.0.80529			Washington University	tgraves@wustl.edu	
m64043_200408_064651.ccs.bam	bam	HG02717	HG02717_lib1	WGS	GENOMIC	size fractionation	single	PACBIO_SMRT	PacBio Sequel II	HiFi sequencing of 20kb fractionated gDNA	8aad3a90a7164949cbbc78253094bf08	29794280063	unaligned reads	Megaruptor 1	SageELF	8.0.0.80529			Washington University	tgraves@wustl.edu	
m64043_200410_214826.ccs.bam	bam	HG02886	HG02886_lib1	WGS	GENOMIC	size fractionation	single	PACBIO_SMRT	PacBio Sequel II	HiFi sequencing of 20kb fractionated gDNA	28f80f7cc25e01013ece515d3bcee4b6	30329533143	unaligned reads	Megaruptor 1	SageELF	8.0.0.80529			Washington University	tgraves@wustl.edu	
m64043_200412_040054.ccs.bam	bam	HG02886	HG02886_lib1	WGS	GENOMIC	size fractionation	single	PACBIO_SMRT	PacBio Sequel II	HiFi sequencing of 20kb fractionated gDNA	b5fbf7097b9a8899afb18aa1842f3f64	32498852143	unaligned reads	Megaruptor 1	SageELF	8.0.0.80529			Washington University	tgraves@wustl.edu	
m64043_200413_102554.ccs.bam	bam	HG02886	HG02886_lib1	WGS	GENOMIC	size fractionation	single	PACBIO_SMRT	PacBio Sequel II	HiFi sequencing of 20kb fractionated gDNA	805a38d37dd8933637e1c9853313329f	30026156420	unaligned reads	Megaruptor 1	SageELF	8.0.0.80529			Washington University	tgraves@wustl.edu	
m64043_200414_165107.ccs.bam	bam	HG02886	HG02886_lib1	WGS	GENOMIC	size fractionation	single	PACBIO_SMRT	PacBio Sequel II	HiFi sequencing of 20kb fractionated gDNA	698d7fc7ee255c4b32e7bafc136a4a2f	30344792442	unaligned reads	Megaruptor 1	SageELF	8.0.0.80529			Washington University	tgraves@wustl.edu	
m64043_200508_172634.ccs.bam	bam	HG03453	HG03453_lib1	WGS	GENOMIC	size fractionation	single	PACBIO_SMRT	PacBio Sequel II	HiFi sequencing of 20kb fractionated gDNA	f7195334a49070313da264e8432aedb1	35532015728	unaligned reads	Megaruptor 1	SageELF	8.0.0.80529			Washington University	tgraves@wustl.edu	
m64043_200509_233929.ccs.bam	bam	HG03453	HG03453_lib1	WGS	GENOMIC	size fractionation	single	PACBIO_SMRT	PacBio Sequel II	HiFi sequencing of 20kb fractionated gDNA	a8f39de092286b4748ed02fb7fb6a170	36442024481	unaligned reads	Megaruptor 1	SageELF	8.0.0.80529			Washington University	tgraves@wustl.edu	
m64043_200511_060458.ccs.bam	bam	HG03453	HG03453_lib1	WGS	GENOMIC	size fractionation	single	PACBIO_SMRT	PacBio Sequel II	HiFi sequencing of 20kb fractionated gDNA	b46d94d9fbd0a3ad3c09485bb33e8069	34649414160	unaligned reads	Megaruptor 1	SageELF	8.0.0.80529			Washington University	tgraves@wustl.edu	
m64043_200512_123035.ccs.bam	bam	HG03453	HG03453_lib1	WGS	GENOMIC	size fractionation	single	PACBIO_SMRT	PacBio Sequel II	HiFi sequencing of 20kb fractionated gDNA	8e5381759ea70ceee168989d3324adfc	34296777617	unaligned reads	Megaruptor 1	SageELF	8.0.0.80529			Washington University	tgraves@wustl.edu	
m64043_200606_175618.ccs.bam	bam	HG03471	HG03471_lib1	WGS	GENOMIC	size fractionation	single	PACBIO_SMRT	PacBio Sequel II	HiFi sequencing of 20kb fractionated gDNA	148d5c36c9d1cca99f20c7b0f6122f26	36502643825	unaligned reads	Megaruptor 1	SageELF	8.0.0.80529			Washington University	tgraves@wustl.edu	
m64043_200608_185843.ccs.bam	bam	HG03471	HG03471_lib1	WGS	GENOMIC	size fractionation	single	PACBIO_SMRT	PacBio Sequel II	HiFi sequencing of 20kb fractionated gDNA	3b33d16cf6763bd568e4a09c40d70966	35843374166	unaligned reads	Megaruptor 1	SageELF	8.0.0.80529			Washington University	tgraves@wustl.edu	
m64043_200610_011156.ccs.bam	bam	HG03471	HG03471_lib1	WGS	GENOMIC	size fractionation	single	PACBIO_SMRT	PacBio Sequel II	HiFi sequencing of 20kb fractionated gDNA	1d6c7b0f1eec69e0abf48192157f8241	35823288078	unaligned reads	Megaruptor 1	SageELF	8.0.0.80529			Washington University	tgraves@wustl.edu	
m64043_200611_073649.ccs.bam	bam	HG03471	HG03471_lib1	WGS	GENOMIC	size fractionation	single	PACBIO_SMRT	PacBio Sequel II	HiFi sequencing of 20kb fractionated gDNA	4f8d706cdce390f01a3fb387cf7712be	34290248731	unaligned reads	Megaruptor 1	SageELF	8.0.0.80529			Washington University	tgraves@wustl.edu	
m64043_200521_171703.ccs.bam	bam	HG03540	HG03540_lib1	WGS	GENOMIC	size fractionation	single	PACBIO_SMRT	PacBio Sequel II	HiFi sequencing of 20kb fractionated gDNA	984ae47fb2a383b9e0562f09781b37a9	35259418897	unaligned reads	Megaruptor 1	SageELF	8.0.0.80529			Washington University	tgraves@wustl.edu	
m64043_200522_232930.ccs.bam	bam	HG03540	HG03540_lib1	WGS	GENOMIC	size fractionation	single	PACBIO_SMRT	PacBio Sequel II	HiFi sequencing of 20kb fractionated gDNA	4a2c1e45e8589a062edf51c85a391476	34244019677	unaligned reads	Megaruptor 1	SageELF	8.0.0.80529			Washington University	tgraves@wustl.edu	
m64043_200524_055430.ccs.bam	bam	HG03540	HG03540_lib1	WGS	GENOMIC	size fractionation	single	PACBIO_SMRT	PacBio Sequel II	HiFi sequencing of 20kb fractionated gDNA	84842290e0336ca47d0f1361ae98e2fe	34617073876	unaligned reads	Megaruptor 1	SageELF	8.0.0.80529			Washington University	tgraves@wustl.edu	
m64043_200525_121851.ccs.bam	bam	HG03540	HG03540_lib1	WGS	GENOMIC	size fractionation	single	PACBIO_SMRT	PacBio Sequel II	HiFi sequencing of 20kb fractionated gDNA	a27d11c9651315baae5c40342fcd8e11	33873531706	unaligned reads	Megaruptor 1	SageELF	8.0.0.80529			Washington University	tgraves@wustl.edu	
m64043_200515_165406.ccs.bam	bam	HG03579	HG03579_lib1	WGS	GENOMIC	size fractionation	single	PACBIO_SMRT	PacBio Sequel II	HiFi sequencing of 20kb fractionated gDNA	fb5494679850008644f93c5ce7ba51ee	30215784002	unaligned reads	Megaruptor 1	SageELF	8.0.0.80529			Washington University	tgraves@wustl.edu	
m64043_200516_230634.ccs.bam	bam	HG03579	HG03579_lib1	WGS	GENOMIC	size fractionation	single	PACBIO_SMRT	PacBio Sequel II	HiFi sequencing of 20kb fractionated gDNA	219175c7f2e81d3f03adea790945d7a5	34123910245	unaligned reads	Megaruptor 1	SageELF	8.0.0.80529			Washington University	tgraves@wustl.edu	
m64043_200518_053124.ccs.bam	bam	HG03579	HG03579_lib1	WGS	GENOMIC	size fractionation	single	PACBIO_SMRT	PacBio Sequel II	HiFi sequencing of 20kb fractionated gDNA	6dc49e31b2c48671d774af8cf4c424d9	34145654088	unaligned reads	Megaruptor 1	SageELF	8.0.0.80529			Washington University	tgraves@wustl.edu	
m64043_200519_115622.ccs.bam	bam	HG03579	HG03579_lib1	WGS	GENOMIC	size fractionation	single	PACBIO_SMRT	PacBio Sequel II	HiFi sequencing of 20kb fractionated gDNA	32150f242595b87d6b0c003f73adf579	33083514071	unaligned reads	Megaruptor 1	SageELF	8.0.0.80529			Washington University	tgraves@wustl.edu	
m64043_200827_191459.ccs.bam	bam	HG01109	HG01109_lib1	WGS	GENOMIC	size fractionation	single	PACBIO_SMRT	PacBio Sequel II	HiFi sequencing of 20kb fractionated gDNA	34d7126b35806c293bd1686bc080df3c	36800261511	unaligned reads	Megaruptor 1	SageELF	8.0.0.80529			Washington University	tgraves@wustl.edu	
m64043_200829_012836.ccs.bam	bam	HG01109	HG01109_lib1	WGS	GENOMIC	size fractionation	single	PACBIO_SMRT	PacBio Sequel II	HiFi sequencing of 20kb fractionated gDNA	73e6c4bf926aa71912e68a69639d2cf6	30892541233	unaligned reads	Megaruptor 1	SageELF	8.0.0.80529			Washington University	tgraves@wustl.edu	
m64043_200830_075523.ccs.bam	bam	HG01109	HG01109_lib1	WGS	GENOMIC	size fractionation	single	PACBIO_SMRT	PacBio Sequel II	HiFi sequencing of 20kb fractionated gDNA	05669eebc69e08bf88cc180d2723768f	29798344669	unaligned reads	Megaruptor 1	SageELF	8.0.0.80529			Washington University	tgraves@wustl.edu	
m64136_200827_191603.ccs.bam	bam	HG01243	HG01243_lib1	WGS	GENOMIC	size fractionation	single	PACBIO_SMRT	PacBio Sequel II	HiFi sequencing of 20kb fractionated gDNA	03eaccd35c8c73a8e7bf1dbfcd3ed7b2	36488935880	unaligned reads	Megaruptor 1	SageELF	8.0.0.80529			Washington University	tgraves@wustl.edu	
m64136_200829_012933.ccs.bam	bam	HG01243	HG01243_lib1	WGS	GENOMIC	size fractionation	single	PACBIO_SMRT	PacBio Sequel II	HiFi sequencing of 20kb fractionated gDNA	aa8418d400f243d74a0243949ce98d5e	30743502088	unaligned reads	Megaruptor 1	SageELF	8.0.0.80529			Washington University	tgraves@wustl.edu	
m64136_200830_075556.ccs.bam	bam	HG01243	HG01243_lib1	WGS	GENOMIC	size fractionation	single	PACBIO_SMRT	PacBio Sequel II	HiFi sequencing of 20kb fractionated gDNA	9bef078eb764d6496f8049d7a028788c	32825339376	unaligned reads	Megaruptor 1	SageELF	8.0.0.80529			Washington University	tgraves@wustl.edu	
m64043_200904_190723.ccs.bam	bam	HG02080	HG02080_lib1	WGS	GENOMIC	size fractionation	single	PACBIO_SMRT	PacBio Sequel II	HiFi sequencing of 20kb fractionated gDNA	22f9df3ddbc3f96deb880dee662cee0d	30713982774	unaligned reads	Megaruptor 1	SageELF	8.0.0.80529			Washington University	tgraves@wustl.edu	
m64043_200906_012211.ccs.bam	bam	HG02080	HG02080_lib1	WGS	GENOMIC	size fractionation	single	PACBIO_SMRT	PacBio Sequel II	HiFi sequencing of 20kb fractionated gDNA	797aba19befabb34db4b8fc46515a6e9	37891413745	unaligned reads	Megaruptor 1	SageELF	8.0.0.80529			Washington University	tgraves@wustl.edu	
m64043_200907_074948.ccs.bam	bam	HG02080	HG02080_lib1	WGS	GENOMIC	size fractionation	single	PACBIO_SMRT	PacBio Sequel II	HiFi sequencing of 20kb fractionated gDNA	b66ef76fb4c16f2ad21a2b56ffc2811b	33455451520	unaligned reads	Megaruptor 1	SageELF	8.0.0.80529			Washington University	tgraves@wustl.edu	
m64136_200924_175741.ccs.bam	bam	HG02109	HG02109_lib1	WGS	GENOMIC	size fractionation	single	PACBIO_SMRT	PacBio Sequel II	HiFi sequencing of 20kb fractionated gDNA	4775b45cfce9ce0f1fbf9053a3014421	29685253999	unaligned reads	Megaruptor 1	SageELF	8.0.0.80529			Washington University	tgraves@wustl.edu	
m64136_200928_195239.ccs.bam	bam	HG02109	HG02109_lib1	WGS	GENOMIC	size fractionation	single	PACBIO_SMRT	PacBio Sequel II	HiFi sequencing of 20kb fractionated gDNA	e84dda47580aa78a17220f175757d718	26474050109	unaligned reads	Megaruptor 1	SageELF	8.0.0.80529			Washington University	tgraves@wustl.edu	
m64136_200930_020708.ccs.bam	bam	HG02109	HG02109_lib1	WGS	GENOMIC	size fractionation	single	PACBIO_SMRT	PacBio Sequel II	HiFi sequencing of 20kb fractionated gDNA	c044e12934d1cd0dd9162cf4a276725d	31878218596	unaligned reads	Megaruptor 1	SageELF	8.0.0.80529			Washington University	tgraves@wustl.edu	
m64043_200924_175630.ccs.bam	bam	HG02145	HG02145_lib1	WGS	GENOMIC	size fractionation	single	PACBIO_SMRT	PacBio Sequel II	HiFi sequencing of 20kb fractionated gDNA	02de9dd5b6716983837b3a5fa77fadf1	28246747643	unaligned reads	Megaruptor 1	SageELF	8.0.0.80529			Washington University	tgraves@wustl.edu	
m64043_200928_195132.ccs.bam	bam	HG02145	HG02145_lib1	WGS	GENOMIC	size fractionation	single	PACBIO_SMRT	PacBio Sequel II	HiFi sequencing of 20kb fractionated gDNA	5f75d6323e64c8c4d7bdb1a9961ee38e	20860977778	unaligned reads	Megaruptor 1	SageELF	8.0.0.80529			Washington University	tgraves@wustl.edu	
m64043_200930_020605.ccs.bam	bam	HG02145	HG02145_lib1	WGS	GENOMIC	size fractionation	single	PACBIO_SMRT	PacBio Sequel II	HiFi sequencing of 20kb fractionated gDNA	0c348e5ee9539ab4170215aa9d0e7e9a	24110260433	unaligned reads	Megaruptor 1	SageELF	8.0.0.80529			Washington University	tgraves@wustl.edu	
m64136_201019_093412.ccs.bam	bam	HG02145	HG02145_lib1	WGS	GENOMIC	size fractionation	single	PACBIO_SMRT	PacBio Sequel II	HiFi sequencing of 20kb fractionated gDNA	26d6a77c7cbf422c207a76bea7ba9860	31237423263	unaligned reads	Megaruptor 1	SageELF	8.0.0.80529			Washington University	tgraves@wustl.edu	
m64043_191221_024136.ccs.bam	bam	HG02723	HG02723_lib1	WGS	GENOMIC	size fractionation	single	PACBIO_SMRT	PacBio Sequel II	HiFi sequencing of 20kb fractionated gDNA	2b3f68a02c90d50d094823b90cbffd00	28167668949	unaligned reads	Megaruptor 1	SageELF	8.0.0.80529			Washington University	tgraves@wustl.edu	
m64043_191223_180311.ccs.bam	bam	HG02723	HG02723_lib1	WGS	GENOMIC	size fractionation	single	PACBIO_SMRT	PacBio Sequel II	HiFi sequencing of 20kb fractionated gDNA	ac14574ab76ecd31fd62e1728f1f4e2d	27517187991	unaligned reads	Megaruptor 1	SageELF	8.0.0.80529			Washington University	tgraves@wustl.edu	
m64043_191225_001554.ccs.bam	bam	HG02723	HG02723_lib1	WGS	GENOMIC	size fractionation	single	PACBIO_SMRT	PacBio Sequel II	HiFi sequencing of 20kb fractionated gDNA	5c1d3836f0083e750d78057fb1ccfab5	30086226751	unaligned reads	Megaruptor 1	SageELF	8.0.0.80529			Washington University	tgraves@wustl.edu	
m64043_191226_064057.ccs.bam	bam	HG02723	HG02723_lib1	WGS	GENOMIC	size fractionation	single	PACBIO_SMRT	PacBio Sequel II	HiFi sequencing of 20kb fractionated gDNA	ba43d2c9218d11d8254f3b5731d38753	28474464003	unaligned reads	Megaruptor 1	SageELF	8.0.0.80529			Washington University	tgraves@wustl.edu	
m64043_200206_173947.ccs.bam	bam	HG02818	HG02818_lib1	WGS	GENOMIC	size fractionation	single	PACBIO_SMRT	PacBio Sequel II	HiFi sequencing of 20kb fractionated gDNA	db956e0f649ff032446fc0d9274d5cfa	5617532223	unaligned reads	Megaruptor 1	SageELF	8.0.0.80529			Washington University	tgraves@wustl.edu	
m64043_200207_235213.ccs.bam	bam	HG02818	HG02818_lib1	WGS	GENOMIC	size fractionation	single	PACBIO_SMRT	PacBio Sequel II	HiFi sequencing of 20kb fractionated gDNA	46e98c7207486498e3b4e41d85f68a0d	6497995820	unaligned reads	Megaruptor 1	SageELF	8.0.0.80529			Washington University	tgraves@wustl.edu	
m64043_200209_061852.ccs.bam	bam	HG02818	HG02818_lib1	WGS	GENOMIC	size fractionation	single	PACBIO_SMRT	PacBio Sequel II	HiFi sequencing of 20kb fractionated gDNA	549996ee8da9e628ee9c2868ea6786c7	6220205391	unaligned reads	Megaruptor 1	SageELF	8.0.0.80529			Washington University	tgraves@wustl.edu	
m64043_200314_004623.ccs.bam	bam	HG02818	HG02818_lib2	WGS	GENOMIC	size fractionation	single	PACBIO_SMRT	PacBio Sequel II	HiFi sequencing of 20kb fractionated gDNA	3737adc4b16fe5974c9913520356b688	22015502568	unaligned reads	Megaruptor 1	SageELF	8.0.0.80529			Washington University	tgraves@wustl.edu	
m64043_200315_071057.ccs.bam	bam	HG02818	HG02818_lib3	WGS	GENOMIC	size fractionation	single	PACBIO_SMRT	PacBio Sequel II	HiFi sequencing of 20kb fractionated gDNA	b00801c6684cd9de664e21bc2114f651	20638938730	unaligned reads	Megaruptor 1	BluePippin	8.0.0.80529			Washington University	tgraves@wustl.edu	
m64043_200316_214923.ccs.bam	bam	HG02818	HG02818_lib2	WGS	GENOMIC	size fractionation	single	PACBIO_SMRT	PacBio Sequel II	HiFi sequencing of 20kb fractionated gDNA	eaa713607287f8b106ae898147a79833	22600936471	unaligned reads	Megaruptor 1	SageELF	8.0.0.80529			Washington University	tgraves@wustl.edu	
m64043_200318_040100.ccs.bam	bam	HG02818	HG02818_lib4	WGS	GENOMIC	size fractionation	single	PACBIO_SMRT	PacBio Sequel II	HiFi sequencing of 20kb fractionated gDNA	b8a0f2b3821a0747fc6375a43bc75209	12947326027	unaligned reads	Megaruptor 1	SageHLS	8.0.0.80529			Washington University	tgraves@wustl.edu	
m64043_200229_115457.ccs.bam	bam	HG02970	HG02970_lib1	WGS	GENOMIC	size fractionation	single	PACBIO_SMRT	PacBio Sequel II	HiFi sequencing of 20kb fractionated gDNA	6f0f0b925c10fde4e153d5b1c714b5c2	19425140600	unaligned reads	Megaruptor 1	AMPure	8.0.0.80529			Washington University	tgraves@wustl.edu	
m64043_200306_190054.ccs.bam	bam	HG02970	HG02970_lib2	WGS	GENOMIC	size fractionation	single	PACBIO_SMRT	PacBio Sequel II	HiFi sequencing of 20kb fractionated gDNA	755696de90a35299ccf43420633f8f36	23302212836	unaligned reads	Megaruptor 1	SageELF	8.0.0.80529			Washington University	tgraves@wustl.edu	
m64043_200310_162218.ccs.bam	bam	HG02970	HG02970_lib2	WGS	GENOMIC	size fractionation	single	PACBIO_SMRT	PacBio Sequel II	HiFi sequencing of 20kb fractionated gDNA	edf78d06404cd0cfc1d669f87f2a34fd	22923100563	unaligned reads	Megaruptor 1	SageELF	8.0.0.80529			Washington University	tgraves@wustl.edu	
m64043_200312_183358.ccs.bam	bam	HG02970	HG02970_lib2	WGS	GENOMIC	size fractionation	single	PACBIO_SMRT	PacBio Sequel II	HiFi sequencing of 20kb fractionated gDNA	272fb8a00f4e0b080c3a49b053c3b263	25335542069	unaligned reads	Megaruptor 1	SageELF	8.0.0.80529			Washington University	tgraves@wustl.edu	
m64043_200424_162541.ccs.bam	bam	HG03486	HG03486_lib1	WGS	GENOMIC	size fractionation	single	PACBIO_SMRT	PacBio Sequel II	HiFi sequencing of 20kb fractionated gDNA	03c578cbbe3b6d773d56631711a8fd87	27226889108	unaligned reads	Megaruptor 1	SageELF	8.0.0.80529			Washington University	tgraves@wustl.edu	
m64043_200425_223840.ccs.bam	bam	HG03486	HG03486_lib1	WGS	GENOMIC	size fractionation	single	PACBIO_SMRT	PacBio Sequel II	HiFi sequencing of 20kb fractionated gDNA	1c865b3984fc01974149c1ac3d16070a	27876333317	unaligned reads	Megaruptor 1	SageELF	8.0.0.80529			Washington University	tgraves@wustl.edu	
m64043_200428_155222.ccs.bam	bam	HG03486	HG03486_lib1	WGS	GENOMIC	size fractionation	single	PACBIO_SMRT	PacBio Sequel II	HiFi sequencing of 20kb fractionated gDNA	fc71a210f5cd2641c8fd8ce0e5743b26	27833045475	unaligned reads	Megaruptor 1	SageELF	8.0.0.80529			Washington University	tgraves@wustl.edu	
m64043_200429_220517.ccs.bam	bam	HG03486	HG03486_lib1	WGS	GENOMIC	size fractionation	single	PACBIO_SMRT	PacBio Sequel II	HiFi sequencing of 20kb fractionated gDNA	a8a2c5533a73bb3903a962e0b2091254	25708054043	unaligned reads	Megaruptor 1	SageELF	8.0.0.80529			Washington University	tgraves@wustl.edu	
m64136_200904_190830.ccs.bam	bam	HG03492	HG03492_lib1	WGS	GENOMIC	size fractionation	single	PACBIO_SMRT	PacBio Sequel II	HiFi sequencing of 20kb fractionated gDNA	21e6e3cc1f63535b85d15923b4d9b21b	31450307833	unaligned reads	Megaruptor 1	SageELF	8.0.0.80529			Washington University	tgraves@wustl.edu	
m64136_200906_012331.ccs.bam	bam	HG03492	HG03492_lib1	WGS	GENOMIC	size fractionation	single	PACBIO_SMRT	PacBio Sequel II	HiFi sequencing of 20kb fractionated gDNA	9d14ccfc3ecd0fbdf4a70f802f067f8e	33362294168	unaligned reads	Megaruptor 1	SageELF	8.0.0.80529			Washington University	tgraves@wustl.edu	
m64136_200907_075143.ccs.bam	bam	HG03492	HG03492_lib1	WGS	GENOMIC	size fractionation	single	PACBIO_SMRT	PacBio Sequel II	HiFi sequencing of 20kb fractionated gDNA	c9c33f27b0388f5086bf46d3dbd34da0	35272643666	unaligned reads	Megaruptor 1	SageELF	8.0.0.80529			Washington University	tgraves@wustl.edu	
m64136_200521_171936.ccs.bam	bam	NA18906	NA18906_lib1	WGS	GENOMIC	size fractionation	single	PACBIO_SMRT	PacBio Sequel II	HiFi sequencing of 20kb fractionated gDNA	2616834bf203e43ef226d07eb600c0bf	30082373457	unaligned reads	Megaruptor 1	SageELF	8.0.0.80529			Washington University	tgraves@wustl.edu	
m64136_200523_195722.ccs.bam	bam	NA18906	NA18906_lib1	WGS	GENOMIC	size fractionation	single	PACBIO_SMRT	PacBio Sequel II	HiFi sequencing of 20kb fractionated gDNA	20c10ee7558fb2e3c6e67ad5de1f3473	31017165293	unaligned reads	Megaruptor 1	SageELF	8.0.0.80529			Washington University	tgraves@wustl.edu	
m64136_200525_021027.ccs.bam	bam	NA18906	NA18906_lib1	WGS	GENOMIC	size fractionation	single	PACBIO_SMRT	PacBio Sequel II	HiFi sequencing of 20kb fractionated gDNA	88f297f72047fc262a1df74fa05dafe1	29258170637	unaligned reads	Megaruptor 1	SageELF	8.0.0.80529			Washington University	tgraves@wustl.edu	
m64136_200526_083627.ccs.bam	bam	NA18906	NA18906_lib1	WGS	GENOMIC	size fractionation	single	PACBIO_SMRT	PacBio Sequel II	HiFi sequencing of 20kb fractionated gDNA	a2f60df4a1777d19c5d789e233215a08	30504506751	unaligned reads	Megaruptor 1	SageELF	8.0.0.80529			Washington University	tgraves@wustl.edu	
m64136_200608_190329.ccs.bam	bam	NA19030	NA19030_lib1	WGS	GENOMIC	size fractionation	single	PACBIO_SMRT	PacBio Sequel II	HiFi sequencing of 20kb fractionated gDNA	087689f3ae228253a49848ca9965b631	33550545856	unaligned reads	Megaruptor 1	SageELF	8.0.0.80529			Washington University	tgraves@wustl.edu	
m64136_200610_011635.ccs.bam	bam	NA19030	NA19030_lib1	WGS	GENOMIC	size fractionation	single	PACBIO_SMRT	PacBio Sequel II	HiFi sequencing of 20kb fractionated gDNA	1695d5b6c9e400c8b5c57303af812e22	33463942049	unaligned reads	Megaruptor 1	SageELF	8.0.0.80529			Washington University	tgraves@wustl.edu	
m64136_200611_074225.ccs.bam	bam	NA19030	NA19030_lib1	WGS	GENOMIC	size fractionation	single	PACBIO_SMRT	PacBio Sequel II	HiFi sequencing of 20kb fractionated gDNA	abdc354c375573efb35ba80cbf4f2eb7	30767598156	unaligned reads	Megaruptor 1	SageELF	8.0.0.80529			Washington University	tgraves@wustl.edu	
m64043_200128_181438.ccs.bam	bam	NA19240	NA19240_lib1	WGS	GENOMIC	size fractionation	single	PACBIO_SMRT	PacBio Sequel II	HiFi sequencing of 20kb fractionated gDNA	21b26dd844e723213153f238770773b2	28339286732	unaligned reads	Megaruptor 1	SageELF	8.0.0.80529			Washington University	tgraves@wustl.edu	
m64043_200130_175216.ccs.bam	bam	NA19240	NA19240_lib1	WGS	GENOMIC	size fractionation	single	PACBIO_SMRT	PacBio Sequel II	HiFi sequencing of 20kb fractionated gDNA	3e4ea45f1e14250333141504422aff32	27152794012	unaligned reads	Megaruptor 1	SageELF	8.0.0.80529			Washington University	tgraves@wustl.edu	
m64043_200201_000449.ccs.bam	bam	NA19240	NA19240_lib1	WGS	GENOMIC	size fractionation	single	PACBIO_SMRT	PacBio Sequel II	HiFi sequencing of 20kb fractionated gDNA	7b23e05c815d99e9a9dd2db0fd5996d8	25587904802	unaligned reads	Megaruptor 1	SageELF	8.0.0.80529			Washington University	tgraves@wustl.edu	
m64043_200202_062937.ccs.bam	bam	NA19240	NA19240_lib1	WGS	GENOMIC	size fractionation	single	PACBIO_SMRT	PacBio Sequel II	HiFi sequencing of 20kb fractionated gDNA	33194fd2c2801721f2d7069432db4964	26298366360	unaligned reads	Megaruptor 1	SageELF	8.0.0.80529			Washington University	tgraves@wustl.edu	
m64043_191227_185626.ccs.bam	bam	NA20129	NA20129_lib1	WGS	GENOMIC	size fractionation	single	PACBIO_SMRT	PacBio Sequel II	HiFi sequencing of 20kb fractionated gDNA	3c28fbe0856d1407e67a98f0cf240bc9	23626938449	unaligned reads	Megaruptor 1	SageELF	8.0.0.80529			Washington University	tgraves@wustl.edu	
m64043_191229_010753.ccs.bam	bam	NA20129	NA20129_lib1	WGS	GENOMIC	size fractionation	single	PACBIO_SMRT	PacBio Sequel II	HiFi sequencing of 20kb fractionated gDNA	150d7cd48ac6eae1a86307b8955f1e9a	24613984578	unaligned reads	Megaruptor 1	SageELF	8.0.0.80529			Washington University	tgraves@wustl.edu	
m64043_191230_073311.ccs.bam	bam	NA20129	NA20129_lib1	WGS	GENOMIC	size fractionation	single	PACBIO_SMRT	PacBio Sequel II	HiFi sequencing of 20kb fractionated gDNA	b89ce4ce6ffd9578f51b0b71d501a912	25014459629	unaligned reads	Megaruptor 1	SageELF	8.0.0.80529			Washington University	tgraves@wustl.edu	
m64043_200111_140530.ccs.bam	bam	NA20129	NA20129_lib1	WGS	GENOMIC	size fractionation	single	PACBIO_SMRT	PacBio Sequel II	HiFi sequencing of 20kb fractionated gDNA	5e97c8273f7610a89ee7bbd371651dd8	7094320296	unaligned reads	Megaruptor 1	SageELF	8.0.0.80529			Washington University	tgraves@wustl.edu	
m64043_200114_192155.ccs.bam	bam	NA20129	NA20129_lib1	WGS	GENOMIC	size fractionation	single	PACBIO_SMRT	PacBio Sequel II	HiFi sequencing of 20kb fractionated gDNA	09aeb18741c2c9883c657ef404745a99	14446158063	unaligned reads	Megaruptor 1	SageELF	8.0.0.80529			Washington University	tgraves@wustl.edu	
m64043_191106_155940.ccs.bam	bam	NA20300	NA20300_lib1	WGS	GENOMIC	size fractionation	single	PACBIO_SMRT	PacBio Sequel II	HiFi sequencing of 20kb fractionated gDNA	d0de0f44f7e2d0c5d3fe60d88101f981	31197848396	unaligned reads	Megaruptor 1	SageELF	8.0.0.80529			Washington University	tgraves@wustl.edu	
m64043_191109_234157.ccs.bam	bam	NA20300	NA20300_lib1	WGS	GENOMIC	size fractionation	single	PACBIO_SMRT	PacBio Sequel II	HiFi sequencing of 15kb fractionated gDNA	b9c8e23bbf2db0bf80273190cd28cd0d	29229815576	unaligned reads	Megaruptor 1	SageELF	8.0.0.80529			Washington University	tgraves@wustl.edu	
m64043_191111_040652.ccs.bam	bam	NA20300	NA20300_lib1	WGS	GENOMIC	size fractionation	single	PACBIO_SMRT	PacBio Sequel II	HiFi sequencing of 20kb fractionated gDNA	a43756254f18f74d056f80494abf2e69	27751655455	unaligned reads	Megaruptor 1	SageELF	8.0.0.80529			Washington University	tgraves@wustl.edu	
m64043_191127_131025.ccs.bam	bam	NA20300	NA20300_lib2	WGS	GENOMIC	size fractionation	single	PACBIO_SMRT	PacBio Sequel II	HiFi sequencing of 20kb fractionated gDNA	348739601651b8caea873f0b261878aa	11732889427	unaligned reads	Megaruptor 1	SageELF	8.0.0.80529			Washington University	tgraves@wustl.edu	
m64043_191128_193532.ccs.bam	bam	NA20300	NA20300_lib2	WGS	GENOMIC	size fractionation	single	PACBIO_SMRT	PacBio Sequel II	HiFi sequencing of 20kb fractionated gDNA	95c6c5ebf7b37ab9f4357ffb93224cb8	11498529548	unaligned reads	Megaruptor 1	SageELF	8.0.0.80529			Washington University	tgraves@wustl.edu	
m64043_191130_020028.ccs.bam	bam	NA20300	NA20300_lib2	WGS	GENOMIC	size fractionation	single	PACBIO_SMRT	PacBio Sequel II	HiFi sequencing of 20kb fractionated gDNA	e39d310362d34842f4d251770979c588	16178853858	unaligned reads	Megaruptor 1	SageELF	8.0.0.80529			Washington University	tgraves@wustl.edu	
m64043_191210_201113.ccs.bam	bam	NA21309	NA21309_lib1	WGS	GENOMIC	size fractionation	single	PACBIO_SMRT	PacBio Sequel II	HiFi sequencing of 20kb fractionated gDNA	3403653731009fbc6339cf55036ec8ec	25705229894	unaligned reads	Megaruptor 1	SageELF	8.0.0.80529			Washington University	tgraves@wustl.edu	
m64043_191213_191857.ccs.bam	bam	NA21309	NA21309_lib1	WGS	GENOMIC	size fractionation	single	PACBIO_SMRT	PacBio Sequel II	HiFi sequencing of 20kb fractionated gDNA	3dcc7117d9931f8ab49da3da4579e1b2	32017455329	unaligned reads	Megaruptor 1	SageELF	8.0.0.80529			Washington University	tgraves@wustl.edu	
m64043_191215_014401.ccs.bam	bam	NA21309	NA21309_lib1	WGS	GENOMIC	size fractionation	single	PACBIO_SMRT	PacBio Sequel II	HiFi sequencing of 20kb fractionated gDNA	f362987c9a41ae163570f3ddec453481	28391151025	unaligned reads	Megaruptor 1	SageELF	8.0.0.80529			Washington University	tgraves@wustl.edu	
m64043_191219_192900.ccs.bam	bam	NA21309	NA21309_lib1	WGS	GENOMIC	size fractionation	single	PACBIO_SMRT	PacBio Sequel II	HiFi sequencing of 20kb fractionated gDNA	cd3029a1678211145bc87f466008118f	14122263640	unaligned reads	Megaruptor 1	SageELF	8.0.0.80529			Washington University	tgraves@wustl.edu	
m64136_201107_033114.ccs.bam	bam	HG02055	HG02055_lib1	WGS	GENOMIC	size fractionation	single	PACBIO_SMRT	PacBio Sequel II	HiFi sequencing of 20kb fractionated gDNA	695df7a288da223941ede4ea8213c0d9	33121870939	unaligned reads	Megaruptor 1	SageELF	8.0.0.80529			Washington University	tgraves@wustl.edu	
m64136_201018_030620.ccs.bam	bam	HG02055	HG02055_lib1	WGS	GENOMIC	size fractionation	single	PACBIO_SMRT	PacBio Sequel II	HiFi sequencing of 20kb fractionated gDNA	c3a9aec4a7f59f2914529727eb5ea28b	29239255227	unaligned reads	Megaruptor 1	SageELF	8.0.0.80529			Washington University	tgraves@wustl.edu	
m64136_201016_205143.ccs.bam	bam	HG02055	HG02055_lib1	WGS	GENOMIC	size fractionation	single	PACBIO_SMRT	PacBio Sequel II	HiFi sequencing of 20kb fractionated gDNA	413d74d8e2e0604dad628a70ac8416b2	30520816912	unaligned reads	Megaruptor 1	SageELF	8.0.0.80529			Washington University	tgraves@wustl.edu	
m64136_201014_213617.ccs.bam	bam	HG02055	HG02055_lib1	WGS	GENOMIC	size fractionation	single	PACBIO_SMRT	PacBio Sequel II	HiFi sequencing of 20kb fractionated gDNA	cc10fb5acae993d05d4e6a75a2146fd1	24915032671	unaligned reads	Megaruptor 1	SageELF	8.0.0.80529			Washington University	tgraves@wustl.edu	
